{"cameraMode":{"drawMode":0,"name":"Shaded","section":"Shading Mode"},"sceneLighting":false,"audioPlay":false,"sceneViewState":{"m_AlwaysRefresh":false,"showFog":true,"showSkybox":false,"showFlares":true,"showImageEffects":true,"showParticleSystems":true,"showVisualEffectGraphs":true,"m_FxEnabled":true},"in2DMode":false,"pivot":{"x":0.037204742431640628,"y":10.232248306274414,"z":-0.3363943099975586},"rotation":{"x":0.20019540190696717,"y":-0.3287217915058136,"z":0.08134086430072785,"w":0.9200318455696106},"size":17.339624404907228,"orthographic":false}