{"cameraMode":{"drawMode":0,"name":"Shaded","section":"Shading Mode"},"sceneLighting":true,"audioPlay":false,"sceneViewState":{"m_AlwaysRefresh":false,"showFog":true,"showSkybox":true,"showFlares":true,"showImageEffects":true,"showParticleSystems":true,"showVisualEffectGraphs":true,"m_FxEnabled":true},"in2DMode":false,"pivot":{"x":324.33636474609377,"y":10.894519805908204,"z":195.8646240234375},"rotation":{"x":0.05261313170194626,"y":-0.10071061551570893,"z":0.016446825116872789,"w":0.9941155910491943},"size":4.9436726570129398,"orthographic":false}