{"cameraMode":{"drawMode":0,"name":"Shaded","section":"Shading Mode"},"sceneLighting":true,"audioPlay":false,"sceneViewState":{"m_AlwaysRefresh":false,"showFog":true,"showSkybox":true,"showFlares":true,"showImageEffects":true,"showParticleSystems":true,"showVisualEffectGraphs":true,"m_FxEnabled":true},"in2DMode":false,"pivot":{"x":32.341209411621097,"y":26.9765567779541,"z":90.70142364501953},"rotation":{"x":0.03728688508272171,"y":0.7302410006523132,"z":0.034140266478061679,"w":-0.6818076968193054},"size":16.528226852416993,"orthographic":false}