{"cameraMode":{"drawMode":0,"name":"Shaded","section":"Shading Mode"},"sceneLighting":true,"audioPlay":false,"sceneViewState":{"m_AlwaysRefresh":false,"showFog":true,"showSkybox":true,"showFlares":true,"showImageEffects":true,"showParticleSystems":true,"showVisualEffectGraphs":true,"m_FxEnabled":true},"in2DMode":false,"pivot":{"x":-3.9839580059051515,"y":17.01236343383789,"z":46.78076934814453},"rotation":{"x":0.003566298633813858,"y":-0.9973098635673523,"z":0.04695587232708931,"w":0.05997292697429657},"size":5.241183757781982,"orthographic":false}