{"cameraMode":{"drawMode":0,"name":"Shaded","section":"Shading Mode"},"sceneLighting":true,"audioPlay":false,"sceneViewState":{"m_AlwaysRefresh":false,"showFog":true,"showSkybox":true,"showFlares":true,"showImageEffects":true,"showParticleSystems":true,"showVisualEffectGraphs":true,"m_FxEnabled":true},"in2DMode":false,"pivot":{"x":-21.969440460205079,"y":-19.88328742980957,"z":287.1673278808594},"rotation":{"x":-0.05421784147620201,"y":0.04822421446442604,"z":-0.0027487678453326227,"w":-0.9974231123924255},"size":97.37030792236328,"orthographic":false}