{"cameraMode":{"drawMode":0,"name":"Shaded","section":"Shading Mode"},"sceneLighting":true,"audioPlay":false,"sceneViewState":{"m_AlwaysRefresh":false,"showFog":true,"showSkybox":true,"showFlares":true,"showImageEffects":true,"showParticleSystems":true,"showVisualEffectGraphs":true,"m_FxEnabled":true},"in2DMode":false,"pivot":{"x":-54.84877014160156,"y":100.45027923583985,"z":230.62171936035157},"rotation":{"x":0.11285875737667084,"y":-0.650383710861206,"z":0.10480943322181702,"w":0.7444362640380859},"size":27.712814331054689,"orthographic":false}