{"cameraMode":{"drawMode":0,"name":"Shaded","section":"Shading Mode"},"sceneLighting":true,"audioPlay":false,"sceneViewState":{"m_AlwaysRefresh":false,"showFog":true,"showSkybox":true,"showFlares":true,"showImageEffects":true,"showParticleSystems":true,"showVisualEffectGraphs":true,"m_FxEnabled":true},"in2DMode":false,"pivot":{"x":201.14443969726563,"y":94.57561492919922,"z":81.87760162353516},"rotation":{"x":-0.053031738847494128,"y":0.6665406227111816,"z":0.043281495571136478,"w":0.7427260875701904},"size":93.20807647705078,"orthographic":false}