{"cameraMode":{"drawMode":0,"name":"Shaded","section":"Shading Mode"},"sceneLighting":false,"audioPlay":false,"sceneViewState":{"m_AlwaysRefresh":false,"showFog":true,"showSkybox":false,"showFlares":true,"showImageEffects":true,"showParticleSystems":true,"showVisualEffectGraphs":true,"m_FxEnabled":true},"in2DMode":false,"pivot":{"x":-4.997013092041016,"y":1.4138818979263306,"z":32.27828598022461},"rotation":{"x":0.01913566328585148,"y":-0.9757859110832214,"z":0.15418022871017457,"w":0.160780131816864},"size":0.002228921977803111,"orthographic":false}